title,content,country
Post 1,Content for post 1,UK
Post 2,Content for post 2,Germany
Post 3,Content for post 3,Australia
Post 4,Content for post 4,Canada
Post 5,Content for post 5,China
Post 6,Content for post 6,Australia
Post 7,Content for post 7,Germany
Post 8,Content for post 8,China
Post 9,Content for post 9,UK
Post 10,Content for post 10,Brazil
Post 11,Content for post 11,Japan
Post 12,Content for post 12,Germany
Post 13,Content for post 13,Japan
Post 14,Content for post 14,China
Post 15,Content for post 15,France
Post 16,Content for post 16,Germany
Post 17,Content for post 17,UK
Post 18,Content for post 18,Australia
Post 19,Content for post 19,China
Post 20,Content for post 20,Australia
Post 21,Content for post 21,India
Post 22,Content for post 22,Brazil
Post 23,Content for post 23,Canada
Post 24,Content for post 24,Canada
Post 25,Content for post 25,Japan
Post 26,Content for post 26,India
Post 27,Content for post 27,Australia
Post 28,Content for post 28,India
"First Blog Post","This is the content of the first post.","USA"
"Second Blog Post","This is the content of the second post.","India"
"Third Blog Post","This is the content of the Third post.","India"
"Fourth Blog Post","This is the content of the Fourth post.","India"
"Fifth Blog Post","Exploring the beauty of Rajasthan and its rich cultural heritage.","India"
"Sixth Blog Post","A journey through the backwaters of Kerala and its peaceful ambiance.","India"
"Seventh Blog Post","Understanding the tech industry in Bengaluru and its growing startup culture.","India"
"Eighth Blog Post","The vibrant festivals of India and their global impact on cultural exchange.","India"
"Ninth Blog Post","India's booming food industry: A look into street food and modern gastronomy.","India"
"Tenth Blog Post","The spiritual significance of Varanasi and its importance to Hindus around the world.","India"
"Eleventh Blog Post","Exploring the New York City skyline and its architectural wonders.","USA"
"Twelfth Blog Post","A look at the vibrant city of Tokyo and its technological advancements.","Japan"
"Thirteenth Blog Post","A deep dive into Italy’s culinary traditions and their global influence.","Italy"
"Fourteenth Blog Post","The rich history of Paris and its role as a cultural hub in Europe.","France"
"Fifteenth Blog Post","Exploring the natural beauty of Switzerland and its majestic mountain ranges.","Switzerland"
"Sixteenth Blog Post","The importance of sustainable tourism in the Maldives and its eco-friendly initiatives.","Maldives"
"Seventeenth Blog Post","The future of renewable energy in Australia and its impact on the global market.","Australia"
"Eighteenth Blog Post","Exploring the ancient ruins of Egypt and their historical significance.","Egypt"
"Nineteenth Blog Post","A guide to the cultural landmarks and beaches of the Philippines.","Philippines"
"Twentieth Blog Post","Brazil’s carnival culture and its significance in global celebrations.","Brazil"
"Twenty-first Blog Post","The tech scene in Berlin: How startups are shaping Europe’s digital future.","Germany"
"Twenty-second Blog Post","A guide to the best hiking trails in the Canadian Rockies.","Canada"
"Twenty-third Blog Post","The future of AI in healthcare and its potential impact on global medical practices.","USA"
"Twenty-fourth Blog Post","A tour through London’s iconic landmarks and its rich royal history.","UK"
"Twenty-fifth Blog Post","The role of sustainable agriculture in the future of food security.","USA"
"Twenty-sixth Blog Post","The growing impact of social media influencers on global marketing strategies.","UK"
"Twenty-seventh Blog Post","A closer look at the startup ecosystem in Silicon Valley and its global reach.","USA"
"Twenty-eighth Blog Post","Exploring the cultural diversity of South Africa and its unique heritage.","South Africa"
"Twenty-ninth Blog Post","The rise of esports in South Korea and its cultural significance.","South Korea"
"Thirtieth Blog Post","The importance of renewable energy solutions in reducing carbon footprints.","USA"
